<?xml version="1.0" encoding="UTF-8"?>
<movie><title lang="ar">The Equalizer</title><title lang="en">The Equalizer</title><mediaid>G-XX-_E-THEEQUALIZER__-2309071F4</mediaid><startVod>1712700000</startVod><endVod>1750370400</endVod><exclusivity><is_exclusive start_date="1750370400"/><is_exclusive start_date="1710975600"/></exclusivity><duration>02:32:15:22</duration><description lang="en">When Robert MacCall knows a dangerous truth about his friends, he has to confront the mafia to protect them.</description><description lang="ar">عندما يعرف روبرت ماكول حقيقة خطيرة عن أصدقائه في إيطاليا، يتعين عليه مواجهة المافيا لحمايتهم.</description><category lang="en">Movie,Action,Thriller,Drama,Crime</category><category lang="ar">Movie,Action,Thriller,Drama,Crime</category><releaseYear>2023</releaseYear><rating>6.80</rating><content_rating>18+</content_rating><images><image lang="en" category="Hero Card" format="3:1">G-XX-_E-THEEQUALIZER__-2309071F4_herocard.png</image><image lang="en" category="Logo" format=".png">G-XX-_E-THEEQUALIZER__-2309071F4_logo.png</image><image lang="en" category="Poster" format="2:3">G-XX-_E-THEEQUALIZER__-2309071F4_poster.png</image><image lang="en" category="Tile" format="16:9">G-XX-_E-THEEQUALIZER__-2309071F4_tile.png</image><image lang="en" category="Title Block" format="4:3">G-XX-_E-THEEQUALIZER__-2309071F4_titleblock.png</image><image lang="en" category="Wallpaper" format="16:9">G-XX-_E-THEEQUALIZER__-2309071F4_wallpaper.png</image><image lang="en" category="Hero Block" format="3:4">G-XX-_E-THEEQUALIZER__-2309071F4_heroblock.png</image></images></movie>
