﻿<?xml version="1.0" encoding="utf-8"?>
<episode>
<title lang="en">Ten Pound Poms | EP 01</title>
<title lang="ar">Ten Pound Poms | EP 01</title>
<description lang="en">The Roberts family flees bleak postwar Manchester for a fresh life in Australia.</description>
<description lang="ar">تهرب عائلة روبرتس من مدينة مانشستر الكئيبة بعد الحرب من أجل حياة جديدة في أستراليا.</description>
<mediaid>G-XX-_E-TENPOUNDS1EP1_-230613266</mediaid>
<startVod>1691020800</startVod>
<endVod>1730505600</endVod>
<duration>00:58:29</duration>
<releaseYear>2023</releaseYear>
<episodeNumber>1</episodeNumber>
<show id="G-XX-_E-TENPOUND_POUND_POMS" />
<season id="1" />
<type>Entertainment</type>
<images>
<image lang="en" category="Wallpaper" format="16:9">media-id_wallpaper.png</image>
</images>
<isKidsContent>false</isKidsContent>
<start_of_intro>00:05:18</start_of_intro>
<end_of_intro>00:06:10</end_of_intro>
<start_of_credits>00:57:52</start_of_credits>
<audio_tracks>
<audio_track format="Stereo">en</audio_track>
</audio_tracks>
<package>VOD</package>
</episode>
